[{"model": "auth.user", "pk": 1, "fields": {"password": "ZXwZMoSuqrnhjuCYHbGx", "last_login": null, "is_superuser": false, "username": "mayronald", "first_name": "Eileen", "last_name": "Ortiz", "email": "john82@yahoo.com", "is_staff": false, "is_active": true, "date_joined": "2019-03-01T04:57:54.212Z", "groups": [], "user_permissions": []}}, {"model": "auth.user", "pk": 2, "fields": {"password": "NQwvriWUkTNdJxGHTmxm", "last_login": null, "is_superuser": false, "username": "amyirwin", "first_name": "Katrina", "last_name": "Fisher", "email": "mbaldwin@yahoo.com", "is_staff": false, "is_active": true, "date_joined": "2019-03-01T04:57:54.238Z", "groups": [], "user_permissions": []}}, {"model": "auth.user", "pk": 3, "fields": {"password": "BAVjSTMYTxiHDCPQyVfO", "last_login": null, "is_superuser": false, "username": "tiffany75", "first_name": "Lori", "last_name": "Wilson", "email": "wlucero@krause-mason.org", "is_staff": false, "is_active": true, "date_joined": "2019-03-01T04:57:54.257Z", "groups": [], "user_permissions": []}}, {"model": "auth.user", "pk": 4, "fields": {"password": "QXlGqNArcCswUTQUTRJf", "last_login": null, "is_superuser": false, "username": "mwatts", "first_name": "Ellen", "last_name": "Meza", "email": "christinarasmussen@hotmail.com", "is_staff": false, "is_active": true, "date_joined": "2019-03-01T04:57:54.267Z", "groups": [], "user_permissions": []}}, {"model": "product.supplier", "pk": 1, "fields": {"user": 1}}, {"model": "product.supplier", "pk": 2, "fields": {"user": 2}}, {"model": "product.supplier", "pk": 3, "fields": {"user": 3}}, {"model": "product.supplier", "pk": 4, "fields": {"user": 4}}, {"model": "product.product", "pk": 1, "fields": {"title": "Product one mayronald", "price": 66, "articul": "one", "supplier": 1, "is_available": true}}, {"model": "product.product", "pk": 2, "fields": {"title": "Product two mayronald", "price": 36, "articul": "two", "supplier": 1, "is_available": false}}, {"model": "product.product", "pk": 3, "fields": {"title": "Product three mayronald", "price": 34, "articul": "three", "supplier": 1, "is_available": true}}, {"model": "product.product", "pk": 4, "fields": {"title": "Product four mayronald", "price": 11, "articul": "four", "supplier": 1, "is_available": false}}, {"model": "product.product", "pk": 5, "fields": {"title": "Product five mayronald", "price": 81, "articul": "five", "supplier": 1, "is_available": false}}, {"model": "product.product", "pk": 6, "fields": {"title": "Product six mayronald", "price": 16, "articul": "six", "supplier": 1, "is_available": false}}, {"model": "product.product", "pk": 7, "fields": {"title": "Product seven mayronald", "price": 40, "articul": "seven", "supplier": 1, "is_available": false}}, {"model": "product.product", "pk": 8, "fields": {"title": "Product eight mayronald", "price": 55, "articul": "eight", "supplier": 1, "is_available": false}}, {"model": "product.product", "pk": 9, "fields": {"title": "Product nine mayronald", "price": 73, "articul": "nine", "supplier": 1, "is_available": true}}, {"model": "product.product", "pk": 10, "fields": {"title": "Product ten mayronald", "price": 68, "articul": "ten", "supplier": 1, "is_available": false}}, {"model": "product.product", "pk": 11, "fields": {"title": "Product one amyirwin", "price": 73, "articul": "one", "supplier": 2, "is_available": true}}, {"model": "product.product", "pk": 12, "fields": {"title": "Product two amyirwin", "price": 13, "articul": "two", "supplier": 2, "is_available": true}}, {"model": "product.product", "pk": 13, "fields": {"title": "Product three amyirwin", "price": 52, "articul": "three", "supplier": 2, "is_available": true}}, {"model": "product.product", "pk": 14, "fields": {"title": "Product four amyirwin", "price": 30, "articul": "four", "supplier": 2, "is_available": false}}, {"model": "product.product", "pk": 15, "fields": {"title": "Product five amyirwin", "price": 12, "articul": "five", "supplier": 2, "is_available": true}}, {"model": "product.product", "pk": 16, "fields": {"title": "Product six amyirwin", "price": 62, "articul": "six", "supplier": 2, "is_available": false}}, {"model": "product.product", "pk": 17, "fields": {"title": "Product seven amyirwin", "price": 93, "articul": "seven", "supplier": 2, "is_available": false}}, {"model": "product.product", "pk": 18, "fields": {"title": "Product eight amyirwin", "price": 93, "articul": "eight", "supplier": 2, "is_available": true}}, {"model": "product.product", "pk": 19, "fields": {"title": "Product nine amyirwin", "price": 36, "articul": "nine", "supplier": 2, "is_available": true}}, {"model": "product.product", "pk": 20, "fields": {"title": "Product ten amyirwin", "price": 28, "articul": "ten", "supplier": 2, "is_available": true}}, {"model": "product.product", "pk": 21, "fields": {"title": "Product one tiffany75", "price": 61, "articul": "one", "supplier": 3, "is_available": false}}, {"model": "product.product", "pk": 22, "fields": {"title": "Product two tiffany75", "price": 89, "articul": "two", "supplier": 3, "is_available": false}}, {"model": "product.product", "pk": 23, "fields": {"title": "Product three tiffany75", "price": 32, "articul": "three", "supplier": 3, "is_available": false}}, {"model": "product.product", "pk": 24, "fields": {"title": "Product four tiffany75", "price": 73, "articul": "four", "supplier": 3, "is_available": true}}, {"model": "product.product", "pk": 25, "fields": {"title": "Product five tiffany75", "price": 49, "articul": "five", "supplier": 3, "is_available": false}}, {"model": "product.product", "pk": 26, "fields": {"title": "Product six tiffany75", "price": 53, "articul": "six", "supplier": 3, "is_available": false}}, {"model": "product.product", "pk": 27, "fields": {"title": "Product seven tiffany75", "price": 75, "articul": "seven", "supplier": 3, "is_available": true}}, {"model": "product.product", "pk": 28, "fields": {"title": "Product eight tiffany75", "price": 98, "articul": "eight", "supplier": 3, "is_available": true}}, {"model": "product.product", "pk": 29, "fields": {"title": "Product nine tiffany75", "price": 30, "articul": "nine", "supplier": 3, "is_available": false}}, {"model": "product.product", "pk": 30, "fields": {"title": "Product ten tiffany75", "price": 97, "articul": "ten", "supplier": 3, "is_available": true}}, {"model": "product.product", "pk": 31, "fields": {"title": "Product one mwatts", "price": 89, "articul": "one", "supplier": 4, "is_available": true}}, {"model": "product.product", "pk": 32, "fields": {"title": "Product two mwatts", "price": 72, "articul": "two", "supplier": 4, "is_available": false}}, {"model": "product.product", "pk": 33, "fields": {"title": "Product three mwatts", "price": 87, "articul": "three", "supplier": 4, "is_available": false}}, {"model": "product.product", "pk": 34, "fields": {"title": "Product four mwatts", "price": 50, "articul": "four", "supplier": 4, "is_available": true}}, {"model": "product.product", "pk": 35, "fields": {"title": "Product five mwatts", "price": 15, "articul": "five", "supplier": 4, "is_available": true}}, {"model": "product.product", "pk": 36, "fields": {"title": "Product six mwatts", "price": 94, "articul": "six", "supplier": 4, "is_available": false}}, {"model": "product.product", "pk": 37, "fields": {"title": "Product seven mwatts", "price": 56, "articul": "seven", "supplier": 4, "is_available": true}}, {"model": "product.product", "pk": 38, "fields": {"title": "Product eight mwatts", "price": 16, "articul": "eight", "supplier": 4, "is_available": false}}, {"model": "product.product", "pk": 39, "fields": {"title": "Product nine mwatts", "price": 73, "articul": "nine", "supplier": 4, "is_available": false}}, {"model": "product.product", "pk": 40, "fields": {"title": "Product ten mwatts", "price": 14, "articul": "ten", "supplier": 4, "is_available": true}}]