[{"model": "auth.user", "pk": 1, "fields": {"password": "fkpRucmYyjtsKJBEuMBd", "last_login": null, "is_superuser": false, "username": "eric12", "first_name": "Kristi", "last_name": "Craig", "email": "camposmegan@rivera.com", "is_staff": false, "is_active": true, "date_joined": "2019-03-04T06:24:28.615Z", "groups": [], "user_permissions": []}}, {"model": "auth.user", "pk": 2, "fields": {"password": "FOGNhgsTyMxcQuYVfKju", "last_login": null, "is_superuser": false, "username": "ewright", "first_name": "Kayla", "last_name": "Hayes", "email": "bruce37@yahoo.com", "is_staff": false, "is_active": true, "date_joined": "2019-03-04T06:24:28.740Z", "groups": [], "user_permissions": []}}, {"model": "auth.user", "pk": 3, "fields": {"password": "hiPKdeNkEoVSVPaTOCqc", "last_login": null, "is_superuser": false, "username": "traceypayne", "first_name": "Jeffrey", "last_name": "Martin", "email": "bpollard@young-fuller.com", "is_staff": false, "is_active": true, "date_joined": "2019-03-04T06:24:28.765Z", "groups": [], "user_permissions": []}}, {"model": "auth.user", "pk": 4, "fields": {"password": "XnSiQgePuUDFAjJDMMXo", "last_login": null, "is_superuser": false, "username": "dixonpamela", "first_name": "Alan", "last_name": "Hawkins", "email": "matthew55@mcclain.org", "is_staff": false, "is_active": true, "date_joined": "2019-03-04T06:24:28.791Z", "groups": [], "user_permissions": []}}, {"model": "product.supplier", "pk": 1, "fields": {"user": 1}}, {"model": "product.supplier", "pk": 2, "fields": {"user": 2}}, {"model": "product.supplier", "pk": 3, "fields": {"user": 3}}, {"model": "product.supplier", "pk": 4, "fields": {"user": 4}}, {"model": "product.articul", "pk": 1, "fields": {"title": "one"}}, {"model": "product.articul", "pk": 2, "fields": {"title": "two"}}, {"model": "product.articul", "pk": 3, "fields": {"title": "three"}}, {"model": "product.articul", "pk": 4, "fields": {"title": "four"}}, {"model": "product.articul", "pk": 5, "fields": {"title": "five"}}, {"model": "product.articul", "pk": 6, "fields": {"title": "six"}}, {"model": "product.articul", "pk": 7, "fields": {"title": "seven"}}, {"model": "product.articul", "pk": 8, "fields": {"title": "eight"}}, {"model": "product.articul", "pk": 9, "fields": {"title": "nine"}}, {"model": "product.articul", "pk": 10, "fields": {"title": "ten"}}, {"model": "product.product", "pk": 1, "fields": {"title": "Product one eric12", "price": 87, "articul": 1, "supplier": 1, "is_available": true}}, {"model": "product.product", "pk": 2, "fields": {"title": "Product two eric12", "price": 84, "articul": 2, "supplier": 1, "is_available": false}}, {"model": "product.product", "pk": 3, "fields": {"title": "Product three eric12", "price": 43, "articul": 3, "supplier": 1, "is_available": false}}, {"model": "product.product", "pk": 4, "fields": {"title": "Product four eric12", "price": 96, "articul": 4, "supplier": 1, "is_available": true}}, {"model": "product.product", "pk": 5, "fields": {"title": "Product five eric12", "price": 18, "articul": 5, "supplier": 1, "is_available": false}}, {"model": "product.product", "pk": 6, "fields": {"title": "Product six eric12", "price": 89, "articul": 6, "supplier": 1, "is_available": false}}, {"model": "product.product", "pk": 7, "fields": {"title": "Product seven eric12", "price": 25, "articul": 7, "supplier": 1, "is_available": false}}, {"model": "product.product", "pk": 8, "fields": {"title": "Product eight eric12", "price": 81, "articul": 8, "supplier": 1, "is_available": false}}, {"model": "product.product", "pk": 9, "fields": {"title": "Product nine eric12", "price": 66, "articul": 9, "supplier": 1, "is_available": true}}, {"model": "product.product", "pk": 10, "fields": {"title": "Product ten eric12", "price": 23, "articul": 10, "supplier": 1, "is_available": true}}, {"model": "product.product", "pk": 11, "fields": {"title": "Product one ewright", "price": 78, "articul": 1, "supplier": 2, "is_available": true}}, {"model": "product.product", "pk": 12, "fields": {"title": "Product two ewright", "price": 26, "articul": 2, "supplier": 2, "is_available": false}}, {"model": "product.product", "pk": 13, "fields": {"title": "Product three ewright", "price": 72, "articul": 3, "supplier": 2, "is_available": false}}, {"model": "product.product", "pk": 14, "fields": {"title": "Product four ewright", "price": 61, "articul": 4, "supplier": 2, "is_available": false}}, {"model": "product.product", "pk": 15, "fields": {"title": "Product five ewright", "price": 51, "articul": 5, "supplier": 2, "is_available": true}}, {"model": "product.product", "pk": 16, "fields": {"title": "Product six ewright", "price": 30, "articul": 6, "supplier": 2, "is_available": false}}, {"model": "product.product", "pk": 17, "fields": {"title": "Product seven ewright", "price": 22, "articul": 7, "supplier": 2, "is_available": false}}, {"model": "product.product", "pk": 18, "fields": {"title": "Product eight ewright", "price": 58, "articul": 8, "supplier": 2, "is_available": false}}, {"model": "product.product", "pk": 19, "fields": {"title": "Product nine ewright", "price": 53, "articul": 9, "supplier": 2, "is_available": false}}, {"model": "product.product", "pk": 20, "fields": {"title": "Product ten ewright", "price": 33, "articul": 10, "supplier": 2, "is_available": false}}, {"model": "product.product", "pk": 21, "fields": {"title": "Product one traceypayne", "price": 89, "articul": 1, "supplier": 3, "is_available": false}}, {"model": "product.product", "pk": 22, "fields": {"title": "Product two traceypayne", "price": 20, "articul": 2, "supplier": 3, "is_available": false}}, {"model": "product.product", "pk": 23, "fields": {"title": "Product three traceypayne", "price": 67, "articul": 3, "supplier": 3, "is_available": false}}, {"model": "product.product", "pk": 24, "fields": {"title": "Product four traceypayne", "price": 54, "articul": 4, "supplier": 3, "is_available": false}}, {"model": "product.product", "pk": 25, "fields": {"title": "Product five traceypayne", "price": 32, "articul": 5, "supplier": 3, "is_available": true}}, {"model": "product.product", "pk": 26, "fields": {"title": "Product six traceypayne", "price": 28, "articul": 6, "supplier": 3, "is_available": false}}, {"model": "product.product", "pk": 27, "fields": {"title": "Product seven traceypayne", "price": 95, "articul": 7, "supplier": 3, "is_available": false}}, {"model": "product.product", "pk": 28, "fields": {"title": "Product eight traceypayne", "price": 28, "articul": 8, "supplier": 3, "is_available": false}}, {"model": "product.product", "pk": 29, "fields": {"title": "Product nine traceypayne", "price": 32, "articul": 9, "supplier": 3, "is_available": true}}, {"model": "product.product", "pk": 30, "fields": {"title": "Product ten traceypayne", "price": 75, "articul": 10, "supplier": 3, "is_available": true}}, {"model": "product.product", "pk": 31, "fields": {"title": "Product one dixonpamela", "price": 90, "articul": 1, "supplier": 4, "is_available": true}}, {"model": "product.product", "pk": 32, "fields": {"title": "Product two dixonpamela", "price": 15, "articul": 2, "supplier": 4, "is_available": false}}, {"model": "product.product", "pk": 33, "fields": {"title": "Product three dixonpamela", "price": 38, "articul": 3, "supplier": 4, "is_available": false}}, {"model": "product.product", "pk": 34, "fields": {"title": "Product four dixonpamela", "price": 91, "articul": 4, "supplier": 4, "is_available": false}}, {"model": "product.product", "pk": 35, "fields": {"title": "Product five dixonpamela", "price": 61, "articul": 5, "supplier": 4, "is_available": true}}, {"model": "product.product", "pk": 36, "fields": {"title": "Product six dixonpamela", "price": 40, "articul": 6, "supplier": 4, "is_available": false}}, {"model": "product.product", "pk": 37, "fields": {"title": "Product seven dixonpamela", "price": 65, "articul": 7, "supplier": 4, "is_available": false}}, {"model": "product.product", "pk": 38, "fields": {"title": "Product eight dixonpamela", "price": 60, "articul": 8, "supplier": 4, "is_available": true}}, {"model": "product.product", "pk": 39, "fields": {"title": "Product nine dixonpamela", "price": 15, "articul": 9, "supplier": 4, "is_available": true}}, {"model": "product.product", "pk": 40, "fields": {"title": "Product ten dixonpamela", "price": 53, "articul": 10, "supplier": 4, "is_available": false}}]