[{"model": "auth.user", "pk": 1, "fields": {"password": "nwKghBrUKtPtZylQbYIN", "last_login": null, "is_superuser": false, "username": "todd21", "first_name": "Tony", "last_name": "Mccall", "email": "hollyellison@gmail.com", "is_staff": false, "is_active": true, "date_joined": "2019-03-06T06:07:05.682Z", "groups": [], "user_permissions": []}}, {"model": "auth.user", "pk": 2, "fields": {"password": "NiYkuOHMCuHoKkmHHhwW", "last_login": null, "is_superuser": false, "username": "daviddunn", "first_name": "Angela", "last_name": "Patterson", "email": "faulknerroy@yahoo.com", "is_staff": false, "is_active": true, "date_joined": "2019-03-06T06:07:05.707Z", "groups": [], "user_permissions": []}}, {"model": "auth.user", "pk": 3, "fields": {"password": "sWCMIkJxQvjgJVAwoenU", "last_login": null, "is_superuser": false, "username": "kimmichelle", "first_name": "Briana", "last_name": "Patel", "email": "parkkristopher@mcdaniel.net", "is_staff": false, "is_active": true, "date_joined": "2019-03-06T06:07:05.719Z", "groups": [], "user_permissions": []}}, {"model": "auth.user", "pk": 4, "fields": {"password": "fvpRBKfcbPnqYuBqXrXB", "last_login": null, "is_superuser": false, "username": "tanya97", "first_name": "Sarah", "last_name": "George", "email": "yduncan@yahoo.com", "is_staff": false, "is_active": true, "date_joined": "2019-03-06T06:07:05.726Z", "groups": [], "user_permissions": []}}, {"model": "auth.user", "pk": 5, "fields": {"password": "pbkdf2_sha256$36000$iZm7NlAA3XVJ$aG5ywc68js86kOCNETWs5zEDtHBCUXblDkVXf+JSGkw=", "last_login": null, "is_superuser": true, "username": "test_admin", "first_name": "", "last_name": "", "email": "", "is_staff": true, "is_active": true, "date_joined": "2019-03-06T06:08:39.458Z", "groups": [], "user_permissions": []}}, {"model": "auth.user", "pk": 6, "fields": {"password": "pbkdf2_sha256$36000$wSBNRSyHw8A1$4pKnD3ePvOB9ueFPr1H3s/yVNHWSIgVqkR6Fqg+WfvI=", "last_login": null, "is_superuser": false, "username": "test_supplier1", "first_name": "", "last_name": "", "email": "", "is_staff": false, "is_active": true, "date_joined": "2019-03-06T06:09:50.501Z", "groups": [], "user_permissions": []}}, {"model": "auth.user", "pk": 7, "fields": {"password": "pbkdf2_sha256$36000$7Z3wU1Kng1ol$GUnbgeDptZVGWPk6z+8Ec9yYgLTIMHaQHUpQ5AZfpwQ=", "last_login": null, "is_superuser": false, "username": "test_supplier2", "first_name": "", "last_name": "", "email": "", "is_staff": false, "is_active": true, "date_joined": "2019-03-06T06:12:38.387Z", "groups": [], "user_permissions": []}}, {"model": "auth.user", "pk": 8, "fields": {"password": "pbkdf2_sha256$36000$vFfjyM28V4S6$J2tPclyMisUvUT25YF35qs/G1I/TCGatx1cAbjj8wTA=", "last_login": null, "is_superuser": false, "username": "test_customer1", "first_name": "", "last_name": "", "email": "", "is_staff": false, "is_active": true, "date_joined": "2019-03-06T06:13:04.249Z", "groups": [], "user_permissions": []}}, {"model": "product.supplier", "pk": 1, "fields": {"user": 1}}, {"model": "product.supplier", "pk": 2, "fields": {"user": 2}}, {"model": "product.supplier", "pk": 3, "fields": {"user": 3}}, {"model": "product.supplier", "pk": 4, "fields": {"user": 4}}, {"model": "product.supplier", "pk": 5, "fields": {"user": 6}}, {"model": "product.supplier", "pk": 6, "fields": {"user": 7}}, {"model": "product.customer", "pk": 1, "fields": {"user": 8}}, {"model": "product.articul", "pk": 1, "fields": {"title": "one"}}, {"model": "product.articul", "pk": 2, "fields": {"title": "two"}}, {"model": "product.articul", "pk": 3, "fields": {"title": "three"}}, {"model": "product.articul", "pk": 4, "fields": {"title": "four"}}, {"model": "product.articul", "pk": 5, "fields": {"title": "five"}}, {"model": "product.articul", "pk": 6, "fields": {"title": "six"}}, {"model": "product.articul", "pk": 7, "fields": {"title": "seven"}}, {"model": "product.articul", "pk": 8, "fields": {"title": "eight"}}, {"model": "product.articul", "pk": 9, "fields": {"title": "nine"}}, {"model": "product.articul", "pk": 10, "fields": {"title": "ten"}}, {"model": "product.product", "pk": 1, "fields": {"title": "Product one todd21", "price": 13, "articul": 1, "supplier": 1, "is_available": false}}, {"model": "product.product", "pk": 2, "fields": {"title": "Product two todd21", "price": 82, "articul": 2, "supplier": 1, "is_available": false}}, {"model": "product.product", "pk": 3, "fields": {"title": "Product three todd21", "price": 52, "articul": 3, "supplier": 1, "is_available": true}}, {"model": "product.product", "pk": 4, "fields": {"title": "Product four todd21", "price": 97, "articul": 4, "supplier": 1, "is_available": true}}, {"model": "product.product", "pk": 5, "fields": {"title": "Product five todd21", "price": 67, "articul": 5, "supplier": 1, "is_available": false}}, {"model": "product.product", "pk": 6, "fields": {"title": "Product six todd21", "price": 33, "articul": 6, "supplier": 1, "is_available": true}}, {"model": "product.product", "pk": 7, "fields": {"title": "Product seven todd21", "price": 50, "articul": 7, "supplier": 1, "is_available": true}}, {"model": "product.product", "pk": 8, "fields": {"title": "Product eight todd21", "price": 62, "articul": 8, "supplier": 1, "is_available": true}}, {"model": "product.product", "pk": 9, "fields": {"title": "Product nine todd21", "price": 90, "articul": 9, "supplier": 1, "is_available": true}}, {"model": "product.product", "pk": 10, "fields": {"title": "Product ten todd21", "price": 40, "articul": 10, "supplier": 1, "is_available": false}}, {"model": "product.product", "pk": 11, "fields": {"title": "Product one daviddunn", "price": 48, "articul": 1, "supplier": 2, "is_available": false}}, {"model": "product.product", "pk": 12, "fields": {"title": "Product two daviddunn", "price": 56, "articul": 2, "supplier": 2, "is_available": true}}, {"model": "product.product", "pk": 13, "fields": {"title": "Product three daviddunn", "price": 87, "articul": 3, "supplier": 2, "is_available": true}}, {"model": "product.product", "pk": 14, "fields": {"title": "Product four daviddunn", "price": 89, "articul": 4, "supplier": 2, "is_available": false}}, {"model": "product.product", "pk": 15, "fields": {"title": "Product five daviddunn", "price": 25, "articul": 5, "supplier": 2, "is_available": false}}, {"model": "product.product", "pk": 16, "fields": {"title": "Product six daviddunn", "price": 13, "articul": 6, "supplier": 2, "is_available": true}}, {"model": "product.product", "pk": 17, "fields": {"title": "Product seven daviddunn", "price": 42, "articul": 7, "supplier": 2, "is_available": false}}, {"model": "product.product", "pk": 18, "fields": {"title": "Product eight daviddunn", "price": 88, "articul": 8, "supplier": 2, "is_available": true}}, {"model": "product.product", "pk": 19, "fields": {"title": "Product nine daviddunn", "price": 88, "articul": 9, "supplier": 2, "is_available": true}}, {"model": "product.product", "pk": 20, "fields": {"title": "Product ten daviddunn", "price": 67, "articul": 10, "supplier": 2, "is_available": true}}, {"model": "product.product", "pk": 21, "fields": {"title": "Product one kimmichelle", "price": 59, "articul": 1, "supplier": 3, "is_available": true}}, {"model": "product.product", "pk": 22, "fields": {"title": "Product two kimmichelle", "price": 98, "articul": 2, "supplier": 3, "is_available": false}}, {"model": "product.product", "pk": 23, "fields": {"title": "Product three kimmichelle", "price": 15, "articul": 3, "supplier": 3, "is_available": true}}, {"model": "product.product", "pk": 24, "fields": {"title": "Product four kimmichelle", "price": 91, "articul": 4, "supplier": 3, "is_available": false}}, {"model": "product.product", "pk": 25, "fields": {"title": "Product five kimmichelle", "price": 88, "articul": 5, "supplier": 3, "is_available": true}}, {"model": "product.product", "pk": 26, "fields": {"title": "Product six kimmichelle", "price": 20, "articul": 6, "supplier": 3, "is_available": true}}, {"model": "product.product", "pk": 27, "fields": {"title": "Product seven kimmichelle", "price": 10, "articul": 7, "supplier": 3, "is_available": false}}, {"model": "product.product", "pk": 28, "fields": {"title": "Product eight kimmichelle", "price": 87, "articul": 8, "supplier": 3, "is_available": true}}, {"model": "product.product", "pk": 29, "fields": {"title": "Product nine kimmichelle", "price": 95, "articul": 9, "supplier": 3, "is_available": true}}, {"model": "product.product", "pk": 30, "fields": {"title": "Product ten kimmichelle", "price": 82, "articul": 10, "supplier": 3, "is_available": true}}, {"model": "product.product", "pk": 31, "fields": {"title": "Product one tanya97", "price": 41, "articul": 1, "supplier": 4, "is_available": false}}, {"model": "product.product", "pk": 32, "fields": {"title": "Product two tanya97", "price": 98, "articul": 2, "supplier": 4, "is_available": true}}, {"model": "product.product", "pk": 33, "fields": {"title": "Product three tanya97", "price": 94, "articul": 3, "supplier": 4, "is_available": true}}, {"model": "product.product", "pk": 34, "fields": {"title": "Product four tanya97", "price": 32, "articul": 4, "supplier": 4, "is_available": true}}, {"model": "product.product", "pk": 35, "fields": {"title": "Product five tanya97", "price": 33, "articul": 5, "supplier": 4, "is_available": false}}, {"model": "product.product", "pk": 36, "fields": {"title": "Product six tanya97", "price": 72, "articul": 6, "supplier": 4, "is_available": true}}, {"model": "product.product", "pk": 37, "fields": {"title": "Product seven tanya97", "price": 28, "articul": 7, "supplier": 4, "is_available": true}}, {"model": "product.product", "pk": 38, "fields": {"title": "Product eight tanya97", "price": 61, "articul": 8, "supplier": 4, "is_available": true}}, {"model": "product.product", "pk": 39, "fields": {"title": "Product nine tanya97", "price": 28, "articul": 9, "supplier": 4, "is_available": false}}, {"model": "product.product", "pk": 40, "fields": {"title": "Product ten tanya97", "price": 31, "articul": 10, "supplier": 4, "is_available": false}}, {"model": "product.product", "pk": 41, "fields": {"title": "Product one test_supplier1", "price": 80, "articul": 1, "supplier": 5, "is_available": false}}, {"model": "product.product", "pk": 42, "fields": {"title": "Product two test_supplier1", "price": 59, "articul": 2, "supplier": 5, "is_available": false}}, {"model": "product.product", "pk": 43, "fields": {"title": "Product three test_supplier1", "price": 12, "articul": 3, "supplier": 5, "is_available": true}}, {"model": "product.product", "pk": 44, "fields": {"title": "Product four test_supplier1", "price": 12, "articul": 4, "supplier": 5, "is_available": true}}, {"model": "product.product", "pk": 45, "fields": {"title": "Product five test_supplier1", "price": 85, "articul": 5, "supplier": 5, "is_available": true}}, {"model": "product.product", "pk": 46, "fields": {"title": "Product six test_supplier1", "price": 50, "articul": 6, "supplier": 5, "is_available": false}}, {"model": "product.product", "pk": 47, "fields": {"title": "Product seven test_supplier1", "price": 54, "articul": 7, "supplier": 5, "is_available": false}}, {"model": "product.product", "pk": 48, "fields": {"title": "Product eight test_supplier1", "price": 18, "articul": 8, "supplier": 5, "is_available": false}}, {"model": "product.product", "pk": 49, "fields": {"title": "Product nine test_supplier1", "price": 49, "articul": 9, "supplier": 5, "is_available": true}}, {"model": "product.product", "pk": 50, "fields": {"title": "Product ten test_supplier1", "price": 19, "articul": 10, "supplier": 5, "is_available": true}}, {"model": "product.product", "pk": 51, "fields": {"title": "Product one test_supplier2", "price": 25, "articul": 1, "supplier": 6, "is_available": false}}, {"model": "product.product", "pk": 52, "fields": {"title": "Product two test_supplier2", "price": 31, "articul": 2, "supplier": 6, "is_available": true}}, {"model": "product.product", "pk": 53, "fields": {"title": "Product three test_supplier2", "price": 29, "articul": 3, "supplier": 6, "is_available": false}}, {"model": "product.product", "pk": 54, "fields": {"title": "Product four test_supplier2", "price": 29, "articul": 4, "supplier": 6, "is_available": true}}, {"model": "product.product", "pk": 55, "fields": {"title": "Product five test_supplier2", "price": 100, "articul": 5, "supplier": 6, "is_available": false}}, {"model": "product.product", "pk": 56, "fields": {"title": "Product six test_supplier2", "price": 48, "articul": 6, "supplier": 6, "is_available": true}}, {"model": "product.product", "pk": 57, "fields": {"title": "Product seven test_supplier2", "price": 39, "articul": 7, "supplier": 6, "is_available": true}}, {"model": "product.product", "pk": 58, "fields": {"title": "Product eight test_supplier2", "price": 12, "articul": 8, "supplier": 6, "is_available": true}}, {"model": "product.product", "pk": 59, "fields": {"title": "Product nine test_supplier2", "price": 82, "articul": 9, "supplier": 6, "is_available": false}}, {"model": "product.product", "pk": 60, "fields": {"title": "Product ten test_supplier2", "price": 38, "articul": 10, "supplier": 6, "is_available": false}}]